Name,Price,SKU,Category
Lowepro Slingshot Edge 250 AW,£109.95,LOWEPRO-BAG-250,Category: Bags
Lowepro Pro Roller x300 AW,£499.95,LOWEPRO-BAG-X300,Category: Bags
Lowepro ProTactic 350 AW,£199.95,LOWEPRO-BAG-350,Category: Bags
Stripy Top,£24.00,N/A,Category: T-shirts
Red Checked Shirt,£52.00,N/A,Category: Shirts
Patterned Tshirt,£23.00,N/A,Category: T-shirts
Green Vest,£22.00,N/A,Category: T-shirts
Denim Shirt,£37.00£29.00,None,Category: Shirts
Checked Shirt,£58.00,N/A,Category: Shirts
Checked Hoodie,£42.00,N/A,Category: Hoodies
Blue Tshirt,£24.00,N/A,Category: T-shirts
Blue Shoes,£45.00,N/A,Category: Footwear
Blue Checked Shirt,£45.00,N/A,Category: Shirts
Black Trousers,£32.00,N/A,Category: Trousers
Beanie Hat,£12.00,None,Category: Hats
Brown Trousers,£42.00,N/A,Category: Trousers
Black Trousers,£42.00,N/A,Category: Trousers
Floral Dress,£72.00,N/A,Category: Dresses
Blue Trousers,£42.00,N/A,Category: Trousers
Green Trousers,£42.00,N/A,Category: Trousers
White Floral Dress,£98.00,N/A,Category: Dresses
Blue Floral Dress,£72.00,N/A,Category: Dresses
Navy Floral Dress,£72.00,N/A,Category: Dresses
Checkered Skirt,£57.00,N/A,Category: Skirts
Grey Trousers,£32.00,N/A,Category: Trousers
Brown Skirt,£48.00,N/A,Category: Skirts
Blue Skirt,£48.00,N/A,Category: Skirts
Red Skirt,£48.00,N/A,Category: Skirts
Burgundy Skirt (Variable Product),£48.00,N/A,Category: Skirts
Navy Dress,£72.00,N/A,Category: Dresses
Grey Dress,£72.00,N/A,Category: Dresses
Black Dress,£72.00,N/A,Category: Dresses
Pink Blouse,£32.00,N/A,Category: Blouses
Blue Blouse,£32.00,N/A,Category: Blouses
Silver Membership,£25.00,None,Category: Clothing
Woo Logo,£49.99,HOOD01,"Categories: Hoodies, T-shirts"
Ninja Silhouette,£34.99,HOOD02,"Categories: Hoodies, T-shirts"
Happy Ninja,£35.00,HOOD03,"Categories: Hoodies, T-shirts"
Patient Ninja,£35.00,HOOD05,Category: Hoodies
Woo Ninja,£35.00,HOOD04,Category: Hoodies
Ship Your Idea,£40.00–£45.00,HOOD06,Category: Hoodies
Happy Ninja,£18.00,None,Category: T-shirts
Woo Ninja,£20.00,None,Category: T-shirts
Ninja Silhouette,£20.00,None,Category: T-shirts
Ship Your Idea,£20.00,N/A,Category: T-shirts
Premium Quality,£20.00,None,Category: T-shirts
Woo Logo,£20.00£18.00,None,Category: T-shirts
Antique Radio,£99.49£79.99,ANTIQUERADIO,Category: Radios
Denim Shirt,£37.00£29.00,None,Category: Shirts
Nikon MB-D17 Multi Battery Power Pack,£449.95,NIKON-BATTERY-MB-D17,Category: Accessories
Lowepro ProTactic 350 AW,£199.95,LOWEPRO-BAG-350,Category: Bags
Lowepro Pro Roller x300 AW,£499.95,LOWEPRO-BAG-X300,Category: Bags
Pink Blouse,£32.00,N/A,Category: Blouses
